Services,Type,Segments
House Cleaning,Main,Home Improvement
Lawn Mowing and Trimming,Main,Home Improvement
Interior Design,Main,Home Improvement
Handyman,Main,Home Improvement
Roof Repair or Maintenance,Main,Home Improvement
General Contracting,Main,Home Improvement
Personal Training,Main,Wellness
Massage Therapy,Main,Wellness
Life Coaching,Main,Wellness
Private Yoga Instruction,Main,Wellness
Private Pilates Instruction,Main,Wellness
Nutritionist,Main,Wellness
Dog Walking,Main,Pets
Pet Sitting,Main,Pets
Aquarium Services,Main,Pets
Cat Grooming,Main,Pets
Statistical Data Analysis,Main,Business
Accounting,Main,Business
Corporate Law Attorney,Main,Business
Logo Design,Main,Business
Computer Repair,Main,Business
Business Tax Preparation,Main,Business
DJ,Main,Events
Wedding Officiant,Main,Events
Wedding and Event Catering,Main,Events
Wedding and Event Makeup,Main,Events
Photo Booth Rental,Main,Events
Bartending,Main,Events
Singing Lessons,Main,Lessons
Piano Lessons,Main,Lessons
Private Self Defense Lessons,Main,Lessons
Reading and Writing Tutoring,Main,Lessons
Math Tutoring,Main,Lessons
Private Yoga Instruction,Main,Lessons
Above Ground Swimming Pool Installation,Peripheral,Home Improvement
Air Quality and Environmental Testing,Peripheral,Home Improvement
Appliance Installation,Peripheral,Home Improvement
Appliance Repair or Maintenance,Peripheral,Home Improvement
Architectural Services,Peripheral,Home Improvement
Artificial Turf Installation,Peripheral,Home Improvement
Asbestos Removal,Peripheral,Home Improvement
Asphalt Installation,Peripheral,Home Improvement
Asphalt Repair and Maintenance,Peripheral,Home Improvement
Basement Finishing or Remodeling,Peripheral,Home Improvement
Bathroom Remodel,Peripheral,Home Improvement
Bed Bug Extermination,Peripheral,Home Improvement
Brick or Stone Repair,Peripheral,Home Improvement
Cabinet Installation,Peripheral,Home Improvement
Cabinet Painting,Peripheral,Home Improvement
Cabinet Refinishing and Repair,Peripheral,Home Improvement
Cabinetry,Peripheral,Home Improvement
Carpet Cleaning,Peripheral,Home Improvement
Carpet Installation,Peripheral,Home Improvement
Carpet Removal,Peripheral,Home Improvement
Carpet Repair or Partial Replacement,Peripheral,Home Improvement
Central Air Conditioning Installation or Replacement,Peripheral,Home Improvement
Central Air Conditioning Repair or Maintenance,Peripheral,Home Improvement
Circuit Breaker Panel or Fuse Box Installation,Peripheral,Home Improvement
Circuit Breaker Panel or Fuse Box Repair,Peripheral,Home Improvement
Closet Remodel,Peripheral,Home Improvement
Closet and Shelving System Installation,Peripheral,Home Improvement
Commercial Carpet Cleaning,Peripheral,Home Improvement
Commercial Cleaning,Peripheral,Home Improvement
Concrete Installation,Peripheral,Home Improvement
Concrete Removal,Peripheral,Home Improvement
Concrete Repair and Maintenance,Peripheral,Home Improvement
Construction Services,Peripheral,Home Improvement
Countertop Installation,Peripheral,Home Improvement
Countertop Repair or Maintenance,Peripheral,Home Improvement
Custom Cabinet Building,Peripheral,Home Improvement
Custom Furniture Building,Peripheral,Home Improvement
Deck Staining and Sealing,Peripheral,Home Improvement
Deck or Porch Remodel or Addition,Peripheral,Home Improvement
Deck or Porch Repair,Peripheral,Home Improvement
Demolition Services,Peripheral,Home Improvement
Dishwasher Installation,Peripheral,Home Improvement
Door Installation,Peripheral,Home Improvement
Door Repair,Peripheral,Home Improvement
Drywall Installation and Hanging,Peripheral,Home Improvement
Drywall Repair and Texturing,Peripheral,Home Improvement
Duct and Vent Cleaning,Peripheral,Home Improvement
Duct and Vent Installation or Removal,Peripheral,Home Improvement
Duct and Vent Repair,Peripheral,Home Improvement
Dumpster Rental,Peripheral,Home Improvement
Electrical and Wiring Repair,Peripheral,Home Improvement
Emergency Plumbing,Peripheral,Home Improvement
Engraving,Peripheral,Home Improvement
Epoxy Floor Coating,Peripheral,Home Improvement
Excavation Services,Peripheral,Home Improvement
Exterior Painting,Peripheral,Home Improvement
Fan Installation,Peripheral,Home Improvement
Faux Finishing or Painting,Peripheral,Home Improvement
Fence Painting,Peripheral,Home Improvement
Fence and Gate Installation,Peripheral,Home Improvement
Fence and Gate Repairs,Peripheral,Home Improvement
Finish Carpentry,Peripheral,Home Improvement
Fireplace and Chimney Cleaning or Repair,Peripheral,Home Improvement
Fireplace and Chimney Installation,Peripheral,Home Improvement
Fitness Equipment Assembly,Peripheral,Home Improvement
Floor Cleaning,Peripheral,Home Improvement
Floor Installation or Replacement,Peripheral,Home Improvement
Floor Painting or Coating,Peripheral,Home Improvement
Floor Polishing,Peripheral,Home Improvement
Floor Repair,Peripheral,Home Improvement
Foundation Repair,Peripheral,Home Improvement
Framing Carpentry,Peripheral,Home Improvement
Full Service Lawn Care,Peripheral,Home Improvement
Furniture Assembly,Peripheral,Home Improvement
Furniture Delivery,Peripheral,Home Improvement
Furniture Moving and Heavy Lifting,Peripheral,Home Improvement
Furniture Refinishing,Peripheral,Home Improvement
Furniture Repair,Peripheral,Home Improvement
Furniture Upholstery,Peripheral,Home Improvement
Garage Addition or Remodel,Peripheral,Home Improvement
Garage Door Installation or Replacement,Peripheral,Home Improvement
Garage Door Repair,Peripheral,Home Improvement
"Garage, Basement or Attic Cleaning",Peripheral,Home Improvement
Garbage Disposal Installation,Peripheral,Home Improvement
Garbage Disposal Repair,Peripheral,Home Improvement
Gardening,Peripheral,Home Improvement
Gas Line Installation,Peripheral,Home Improvement
Gazebo Installation and Construction,Peripheral,Home Improvement
General Carpentry,Peripheral,Home Improvement
General Contracting,Peripheral,Home Improvement
Generator Installation,Peripheral,Home Improvement
Generator Repair,Peripheral,Home Improvement
Gutter Cleaning and Maintenance,Peripheral,Home Improvement
Gutter Installation or Replacement,Peripheral,Home Improvement
Gutter Repair,Peripheral,Home Improvement
Handyman,Peripheral,Home Improvement
Hardwood Floor Refinishing,Peripheral,Home Improvement
Heating System Installation or Replacement,Peripheral,Home Improvement
Heating System Repair or Maintenance,Peripheral,Home Improvement
Holiday Lighting Installation and Removal,Peripheral,Home Improvement
Home Inspection,Peripheral,Home Improvement
Home Modification for Accessibility,Peripheral,Home Improvement
Home Organizing,Peripheral,Home Improvement
Home Remodeling,Peripheral,Home Improvement
Home Security System Repair,Peripheral,Home Improvement
Home Security and Alarms Install,Peripheral,Home Improvement
Home Staging,Peripheral,Home Improvement
Home Theater System Installation or Replacement,Peripheral,Home Improvement
Home Theater System Repair or Service,Peripheral,Home Improvement
Home Waterproofing,Peripheral,Home Improvement
Hot Tub Moving,Peripheral,Home Improvement
Hot Tub and Spa Cleaning and Maintenance,Peripheral,Home Improvement
Hot Tub and Spa Installation,Peripheral,Home Improvement
Hot Tub and Spa Repair,Peripheral,Home Improvement
House Cleaning,Peripheral,Home Improvement
House Sitting,Peripheral,Home Improvement
In-Ground Swimming Pool Construction,Peripheral,Home Improvement
Insulation Installation or Upgrade,Peripheral,Home Improvement
Interior Design,Peripheral,Home Improvement
Interior Painting,Peripheral,Home Improvement
Junk Removal,Peripheral,Home Improvement
Kitchen Remodel,Peripheral,Home Improvement
Land Clearing,Peripheral,Home Improvement
Land Leveling and Grading,Peripheral,Home Improvement
Land Surveying,Peripheral,Home Improvement
Lawn Mower Repair,Peripheral,Home Improvement
Lawn Mowing and Trimming,Peripheral,Home Improvement
Lighting Installation,Peripheral,Home Improvement
Local Moving (under 50 miles),Peripheral,Home Improvement
Lock Installation and Repair,Peripheral,Home Improvement
Long Distance Moving,Peripheral,Home Improvement
Masonry Construction Services,Peripheral,Home Improvement
Metalwork,Peripheral,Home Improvement
Mold Inspection and Removal,Peripheral,Home Improvement
Mulching,Peripheral,Home Improvement
Muralist,Peripheral,Home Improvement
New Home Construction,Peripheral,Home Improvement
Odor Removal,Peripheral,Home Improvement
Office Moving,Peripheral,Home Improvement
Outdoor Landscaping and Design,Peripheral,Home Improvement
Outdoor Mosquito Control Services,Peripheral,Home Improvement
Outdoor Pesticide Application,Peripheral,Home Improvement
Packing and Unpacking,Peripheral,Home Improvement
Paint Removal,Peripheral,Home Improvement
Patio Cover and Awning Services,Peripheral,Home Improvement
Patio Remodel or Addition,Peripheral,Home Improvement
Pest Control Services,Peripheral,Home Improvement
Pest Inspection,Peripheral,Home Improvement
Piano Moving,Peripheral,Home Improvement
Picture Hanging and Art Installation,Peripheral,Home Improvement
Plastering,Peripheral,Home Improvement
Play Equipment Construction and Assembly,Peripheral,Home Improvement
Plumbing Drain Repair,Peripheral,Home Improvement
Plumbing Inspection,Peripheral,Home Improvement
Plumbing Pipe Installation or Replacement,Peripheral,Home Improvement
Plumbing Pipe Repair,Peripheral,Home Improvement
Pool Table Moving,Peripheral,Home Improvement
Pool Table Repair Services,Peripheral,Home Improvement
Popcorn Texture Removal,Peripheral,Home Improvement
Powder Coating,Peripheral,Home Improvement
Pressure Washing,Peripheral,Home Improvement
Property Management,Peripheral,Home Improvement
Radon Mitigation,Peripheral,Home Improvement
Railing Installation or Remodel,Peripheral,Home Improvement
Real Estate Agent Services,Peripheral,Home Improvement
Real Estate Appraisal,Peripheral,Home Improvement
Rodent and Animal Removal,Peripheral,Home Improvement
Roof Cleaning,Peripheral,Home Improvement
Roof Inspection,Peripheral,Home Improvement
Roof Installation or Replacement,Peripheral,Home Improvement
Roof Repair or Maintenance,Peripheral,Home Improvement
Room Remodel,Peripheral,Home Improvement
Rug Cleaning,Peripheral,Home Improvement
Satellite Dish Services,Peripheral,Home Improvement
Screen Installation or Replacement,Peripheral,Home Improvement
Septic System Installation or Replacement,Peripheral,Home Improvement
"Septic System Repair, Maintenance or Inspection",Peripheral,Home Improvement
Shower and Bathtub Installation or Replacement,Peripheral,Home Improvement
Shower and Bathtub Repair,Peripheral,Home Improvement
Shrub Trimming and Removal,Peripheral,Home Improvement
Siding Installation,Peripheral,Home Improvement
Siding Removal,Peripheral,Home Improvement
Siding Repair,Peripheral,Home Improvement
Sink or Faucet Installation or Replacement,Peripheral,Home Improvement
Sink or Faucet Repair,Peripheral,Home Improvement
Smart Home Installation or Repair,Peripheral,Home Improvement
Snow Plowing,Peripheral,Home Improvement
Sod Installation,Peripheral,Home Improvement
Solar Panel Cleaning,Peripheral,Home Improvement
Solar Panel Installation and Repair,Peripheral,Home Improvement
Sound Proofing,Peripheral,Home Improvement
Sprinkler and Irrigation System Installation,Peripheral,Home Improvement
Sprinkler and Irrigation System Repair and Maintenance,Peripheral,Home Improvement
"Stair Installation, Remodel, or Repair",Peripheral,Home Improvement
Structural Engineering Services,Peripheral,Home Improvement
Stucco Application,Peripheral,Home Improvement
Stucco Repair,Peripheral,Home Improvement
Sump Pump Installation or Replacement,Peripheral,Home Improvement
"Swimming Pool Cleaning, Maintenance, and Inspection",Peripheral,Home Improvement
Swimming Pool Inspection,Peripheral,Home Improvement
Swimming Pool Removal,Peripheral,Home Improvement
Swimming Pool Repair,Peripheral,Home Improvement
Switch and Outlet Installation,Peripheral,Home Improvement
Switch and Outlet Repair,Peripheral,Home Improvement
TV Mounting,Peripheral,Home Improvement
TV Repair Services,Peripheral,Home Improvement
Termite Control Services,Peripheral,Home Improvement
Termite Inspection,Peripheral,Home Improvement
Thermostat Installation or Repair,Peripheral,Home Improvement
Tile Installation and Replacement,Peripheral,Home Improvement
Tile Repair,Peripheral,Home Improvement
Tile and Grout Cleaning,Peripheral,Home Improvement
Toilet Installation or Replacement,Peripheral,Home Improvement
Toilet Repair,Peripheral,Home Improvement
Tree Planting,Peripheral,Home Improvement
Tree Stump Grinding and Removal,Peripheral,Home Improvement
Tree Trimming and Removal,Peripheral,Home Improvement
Trim or Molding Installation,Peripheral,Home Improvement
Upholstery and Furniture Cleaning,Peripheral,Home Improvement
Wallpaper Installation or Repair,Peripheral,Home Improvement
Wallpaper Removal,Peripheral,Home Improvement
Water Damage Cleanup and Restoration,Peripheral,Home Improvement
Water Feature Installation,Peripheral,Home Improvement
Water Feature Repair and Maintenance,Peripheral,Home Improvement
Water Heater Installation or Replacement,Peripheral,Home Improvement
Water Heater Repair or Maintenance,Peripheral,Home Improvement
Water Treatment Repair or Maintenance,Peripheral,Home Improvement
Water Treatment System Installation or Replacement,Peripheral,Home Improvement
Weatherization,Peripheral,Home Improvement
Weeding,Peripheral,Home Improvement
Well System Work,Peripheral,Home Improvement
Window Cleaning,Peripheral,Home Improvement
Window Installation,Peripheral,Home Improvement
Window Repair,Peripheral,Home Improvement
Window Tinting,Peripheral,Home Improvement
Window Treatment Installation or Repair,Peripheral,Home Improvement
"Window, Wall, or Portable AC Repair or Maintenance",Peripheral,Home Improvement
Wiring Installation,Peripheral,Home Improvement
Alternative Healing,Peripheral,Wellness
Astrology Reading,Peripheral,Wellness
Facial Treatments,Peripheral,Wellness
Family Counseling,Peripheral,Wellness
Health and Wellness Coaching,Peripheral,Wellness
Hypnotherapy,Peripheral,Wellness
Life Coaching,Peripheral,Wellness
Marriage and Relationship Counseling,Peripheral,Wellness
Massage Therapy,Peripheral,Wellness
Nutritionist,Peripheral,Wellness
Palm Reading,Peripheral,Wellness
Personal Training,Peripheral,Wellness
Physical Therapy,Peripheral,Wellness
Private Pilates Instruction,Peripheral,Wellness
Private Tai Chi Instruction,Peripheral,Wellness
Private Yoga Instruction,Peripheral,Wellness
Spiritual Counseling,Peripheral,Wellness
Tarot Card Reading,Peripheral,Wellness
Therapy and Counseling,Peripheral,Wellness
Animal Training and Behavior Modification (Non-canine),Peripheral,Pets
Aquarium Services,Peripheral,Pets
Cat Grooming,Peripheral,Pets
Dog Daycare,Peripheral,Pets
Dog Fence Installation,Peripheral,Pets
Dog Grooming,Peripheral,Pets
Dog Training,Peripheral,Pets
Dog Walking,Peripheral,Pets
Pet Boarding,Peripheral,Pets
Pet Sitting,Peripheral,Pets
3D Modeling,Peripheral,Business
Accounting,Peripheral,Business
Administrative Support,Peripheral,Business
Animation,Peripheral,Business
Business Consulting,Peripheral,Business
Business Tax Preparation,Peripheral,Business
Computer Repair,Peripheral,Business
Contracts Attorney,Peripheral,Business
Corporate Law Attorney,Peripheral,Business
Court Interpreting,Peripheral,Business
Criminal Defense Attorney,Peripheral,Business
DUI Attorney,Peripheral,Business
Data Recovery Service,Peripheral,Business
Disability Attorney,Peripheral,Business
Divorce Attorney,Peripheral,Business
E-commerce Consulting,Peripheral,Business
Electronic Machine Repair,Peripheral,Business
Engineering and Technical Design,Peripheral,Business
Estate Attorney,Peripheral,Business
Exercise Equipment Repair,Peripheral,Business
Family Law Attorney,Peripheral,Business
Genealogy,Peripheral,Business
Graphic Design,Peripheral,Business
Illustrating,Peripheral,Business
Immigration Attorney,Peripheral,Business
Individual Tax Preparation,Peripheral,Business
Intellectual Property Attorney,Peripheral,Business
International Law Attorney,Peripheral,Business
Labor and Employment Attorney,Peripheral,Business
Legal Document Preparation,Peripheral,Business
Logo Design,Peripheral,Business
Marketing,Peripheral,Business
Mediation,Peripheral,Business
Mobile Design,Peripheral,Business
Network Support Services,Peripheral,Business
Notarization,Peripheral,Business
Payroll Services,Peripheral,Business
Personal Bankruptcy Attorney,Peripheral,Business
Personal Financial Planning,Peripheral,Business
Personal Injury Attorney,Peripheral,Business
Phone or Tablet Repair,Peripheral,Business
Presentation Design,Peripheral,Business
Printer and Copier Repair,Peripheral,Business
Private Investigation,Peripheral,Business
Process Serving,Peripheral,Business
Project Management,Peripheral,Business
Public Relations,Peripheral,Business
Real Estate Attorney,Peripheral,Business
Recruiting,Peripheral,Business
Resume Writing,Peripheral,Business
Security and Body Guard Services,Peripheral,Business
Social Media Marketing,Peripheral,Business
Software Development,Peripheral,Business
Statistical Data Analysis,Peripheral,Business
Tax Attorney,Peripheral,Business
Telemarketing and Telesales Services,Peripheral,Business
Traffic Law Attorney,Peripheral,Business
Translation,Peripheral,Business
Virus Removal Services,Peripheral,Business
Web Design,Peripheral,Business
Web Hosting,Peripheral,Business
Wills and Estate Planning,Peripheral,Business
Writing and Editing Services,Peripheral,Business
AV Equipment Rental for Events,Peripheral,Events
Aerial Photography,Peripheral,Events
"Alterations, Tailoring, and Clothing Design",Peripheral,Events
Animal Show Entertainment,Peripheral,Events
Audio Recording,Peripheral,Events
Balloon Decorations,Peripheral,Events
Balloon Twisting,Peripheral,Events
Barbecue and Grill Services,Peripheral,Events
Bartending,Peripheral,Events
Boudoir Photography,Peripheral,Events
Bounce House and Party Inflatables Rental,Peripheral,Events
Bridal Stylist,Peripheral,Events
Calligraphy,Peripheral,Events
Candy Buffet Services,Peripheral,Events
Caricaturing,Peripheral,Events
Charter Bus Rental,Peripheral,Events
Circus Entertainment,Peripheral,Events
Clown Entertainment,Peripheral,Events
Comedy Entertainment,Peripheral,Events
Commercial Photography,Peripheral,Events
Costumed Character Entertainment,Peripheral,Events
Custom Airbrushing,Peripheral,Events
DJ,Peripheral,Events
Dance Entertainment,Peripheral,Events
Embroidery,Peripheral,Events
Engagement Photography,Peripheral,Events
Event Florist,Peripheral,Events
Event Help and Wait Staff,Peripheral,Events
Event Planning,Peripheral,Events
Event Security & Bouncer Services,Peripheral,Events
Face Painting,Peripheral,Events
Fishing Trip Guide Services,Peripheral,Events
Food Truck or Cart Services,Peripheral,Events
Games and Concession Rental,Peripheral,Events
Hair Coloring and Highlights,Peripheral,Events
Headshot Photography,Peripheral,Events
Henna Tattooing,Peripheral,Events
Impersonating,Peripheral,Events
Jewelry Services,Peripheral,Events
Karaoke Machine Rental,Peripheral,Events
Limousine and Chauffeur Services,Peripheral,Events
MC and Host Services,Peripheral,Events
Magician,Peripheral,Events
Motivational Speaking,Peripheral,Events
Music Entertainment,Peripheral,Events
Nature Photography,Peripheral,Events
Party Bus Rental,Peripheral,Events
Party Favors,Peripheral,Events
Pastry Chef and Cake Making Services,Peripheral,Events
Personal Chef,Peripheral,Events
Pet Photography,Peripheral,Events
Photo Booth Rental,Peripheral,Events
"Photo Editing, Scanning and Restoration",Peripheral,Events
Portrait Artistry,Peripheral,Events
Portrait Photography,Peripheral,Events
Quilting and Crochet,Peripheral,Events
Real Estate and Architectural Photography,Peripheral,Events
Scrapbooking,Peripheral,Events
Singing Telegram,Peripheral,Events
Sommelier Services & Lessons,Peripheral,Events
Songwriting,Peripheral,Events
Sports Photography,Peripheral,Events
Tarot and Psychic Reader Entertainment,Peripheral,Events
Temporary Tattoo Artistry,Peripheral,Events
Travel Agency Services,Peripheral,Events
Valet Parking,Peripheral,Events
Ventriloquist & Puppet Entertainment,Peripheral,Events
Video Booth Rental,Peripheral,Events
Video Editing,Peripheral,Events
Video Production,Peripheral,Events
Video Streaming and Webcasting Services,Peripheral,Events
Video Transfer Services,Peripheral,Events
Wardrobe Consulting,Peripheral,Events
Wedding Cakes,Peripheral,Events
Wedding Coordination,Peripheral,Events
Wedding Dance Lessons,Peripheral,Events
Wedding Florist,Peripheral,Events
Wedding Officiant,Peripheral,Events
Wedding Planning,Peripheral,Events
Wedding and Event Catering,Peripheral,Events
Wedding and Event Decorating,Peripheral,Events
Wedding and Event Hair Styling,Peripheral,Events
Wedding and Event Invitations,Peripheral,Events
Wedding and Event Makeup,Peripheral,Events
Wedding and Event Photography,Peripheral,Events
Wedding and Event Venue Rental,Peripheral,Events
Wedding and Event Videography,Peripheral,Events
Wine Tastings and Tours,Peripheral,Events
Acting Lessons,Peripheral,Lessons
Arabic Lessons,Peripheral,Lessons
Audio Production Lessons,Peripheral,Lessons
Banjo Lessons,Peripheral,Lessons
Baseball Lessons,Peripheral,Lessons
Basketball Lessons,Peripheral,Lessons
Bass Guitar Lessons,Peripheral,Lessons
CPR and First Aid Training,Peripheral,Lessons
Cello Lessons,Peripheral,Lessons
Chess Lessons,Peripheral,Lessons
College Admissions Counseling,Peripheral,Lessons
Computer Lessons,Peripheral,Lessons
Drawing Lessons,Peripheral,Lessons
Driving Lessons,Peripheral,Lessons
Drum Lessons,Peripheral,Lessons
ESL (English as a Second Language) Lessons,Peripheral,Lessons
Flute Lessons,Peripheral,Lessons
French Lessons,Peripheral,Lessons
German Lessons,Peripheral,Lessons
Golf Lessons,Peripheral,Lessons
Graphic Design Instruction,Peripheral,Lessons
Guitar Lessons,Peripheral,Lessons
Italian Lessons,Peripheral,Lessons
Japanese Lessons,Peripheral,Lessons
Korean Lessons,Peripheral,Lessons
Makeup Artistry Lessons,Peripheral,Lessons
Mandarin Lessons,Peripheral,Lessons
Math Tutoring,Peripheral,Lessons
Meditation Instruction,Peripheral,Lessons
Music Theory Lessons,Peripheral,Lessons
Painting Lessons,Peripheral,Lessons
Photography Lessons,Peripheral,Lessons
Piano Lessons,Peripheral,Lessons
Piano Tuning,Peripheral,Lessons
Portuguese Lessons,Peripheral,Lessons
Private Cooking Lessons,Peripheral,Lessons
Private Dance Lessons,Peripheral,Lessons
Private Horseback Riding Lessons,Peripheral,Lessons
Private Self Defense Lessons,Peripheral,Lessons
Private Swim Lessons,Peripheral,Lessons
Private Tennis Instruction,Peripheral,Lessons
Public Speaking Lessons,Peripheral,Lessons
Reading and Writing Tutoring,Peripheral,Lessons
Reiki Lessons,Peripheral,Lessons
Saxophone Lessons,Peripheral,Lessons
Science Tutoring,Peripheral,Lessons
Sewing Lessons,Peripheral,Lessons
Sign Language Lessons,Peripheral,Lessons
Singing Lessons,Peripheral,Lessons
Soccer Lessons,Peripheral,Lessons
Social Sciences Tutoring,Peripheral,Lessons
Softball Lessons,Peripheral,Lessons
Spanish Lessons,Peripheral,Lessons
Test Prep Services,Peripheral,Lessons
Violin Lessons,Peripheral,Lessons
Voice Over Lessons,Peripheral,Lessons
Volleyball Lessons,Peripheral,Lessons
Custom Airbrushing,Peripheral,Craft
Embroidery,Peripheral,Craft
Engraving,Peripheral,Craft
Illustrating,Peripheral,Craft
Portrait Artistry,Peripheral,Craft
Powder Coating,Peripheral,Craft
Scrapbooking,Peripheral,Craft
Songwriting,Peripheral,Craft
Animation,Peripheral,Design and Web
Engineering and Technical Design,Peripheral,Design and Web
Graphic Design,Peripheral,Design and Web
Illustrating,Peripheral,Design and Web
Logo Design,Peripheral,Design and Web
Presentation Design,Peripheral,Design and Web
Software Development,Peripheral,Design and Web
Contracts Attorney,Peripheral,Legal
Corporate Law Attorney,Peripheral,Legal
Court Interpreting,Peripheral,Legal
Disability Attorney,Peripheral,Legal
Estate Attorney,Peripheral,Legal
Immigration Attorney,Peripheral,Legal
Intellectual Property Attorney,Peripheral,Legal
International Law Attorney,Peripheral,Legal
Labor and Employment Attorney,Peripheral,Legal
Legal Document Preparation,Peripheral,Legal
Mediation,Peripheral,Legal
Personal Injury Attorney,Peripheral,Legal
Process Serving,Peripheral,Legal
Radon Mitigation,Peripheral,Legal
Real Estate Attorney,Peripheral,Legal
Tax Attorney,Peripheral,Legal
Traffic Law Attorney,Peripheral,Legal
Wills and Estate Planning,Peripheral,Legal
Astrology Reading,Peripheral,Personal
Family Counseling,Peripheral,Personal
Genealogy,Peripheral,Personal
House Sitting,Peripheral,Personal
Life Coaching,Peripheral,Personal
Mediation,Peripheral,Personal
Palm Reading,Peripheral,Personal
Private Investigation,Peripheral,Personal
Spiritual Counseling,Peripheral,Personal
Tarot Card Reading,Peripheral,Personal
Wardrobe Consulting,Peripheral,Personal
Aerial Photography,Peripheral,Photography
Boudoir Photography,Peripheral,Photography
Commercial Photography,Peripheral,Photography
Engagement Photography,Peripheral,Photography
Headshot Photography,Peripheral,Photography
Nature Photography,Peripheral,Photography
Pet Photography,Peripheral,Photography
Portrait Photography,Peripheral,Photography
Sports Photography,Peripheral,Photography
Video Editing,Peripheral,Photography
Appliance Installation,Peripheral,Repair and technical support
Computer Repair,Peripheral,Repair and technical support
Data Recovery Service,Peripheral,Repair and technical support
Exercise Equipment Repair,Peripheral,Repair and technical support
Network Support Services,Peripheral,Repair and technical support
Phone or Tablet Repair,Peripheral,Repair and technical support
Pool Table Repair Services,Peripheral,Repair and technical support
Printer and Copier Repair,Peripheral,Repair and technical support
Resume Writing,Peripheral,"Writing, translation, and transcription"
Translation,Peripheral,"Writing, translation, and transcription"