,Services,Type,Segments,ID
0,House Cleaning,Main,Home Improvement,1
1,Lawn Mowing and Trimming,Main,Home Improvement,2
2,Interior Design,Main,Home Improvement,3
3,Handyman,Main,Home Improvement,4
4,Roof Repair or Maintenance,Main,Home Improvement,5
5,General Contracting,Main,Home Improvement,6
6,Personal Training,Main,Wellness,7
7,Massage Therapy,Main,Wellness,8
8,Life Coaching,Main,Wellness,9
9,Private Yoga Instruction,Main,Wellness,10
10,Private Pilates Instruction,Main,Wellness,11
11,Nutritionist,Main,Wellness,12
12,Dog Walking,Main,Pets,13
13,Pet Sitting,Main,Pets,14
14,Aquarium Services,Main,Pets,15
15,Cat Grooming,Main,Pets,16
16,Statistical Data Analysis,Main,Business,17
17,Accounting,Main,Business,18
18,Corporate Law Attorney,Main,Business,19
19,Logo Design,Main,Business,20
20,Computer Repair,Main,Business,21
21,Business Tax Preparation,Main,Business,22
22,DJ,Main,Events,23
23,Wedding Officiant,Main,Events,24
24,Wedding and Event Catering,Main,Events,25
25,Wedding and Event Makeup,Main,Events,26
26,Photo Booth Rental,Main,Events,27
27,Bartending,Main,Events,28
28,Singing Lessons,Main,Lessons,29
29,Piano Lessons,Main,Lessons,30
30,Private Self Defense Lessons,Main,Lessons,31
31,Reading and Writing Tutoring,Main,Lessons,32
32,Math Tutoring,Main,Lessons,33
33,Private Yoga Instruction,Main,Lessons,34
34,Above Ground Swimming Pool Installation,Peripheral,Home Improvement,35
35,Air Quality and Environmental Testing,Peripheral,Home Improvement,36
36,Appliance Installation,Peripheral,Home Improvement,37
37,Appliance Repair or Maintenance,Peripheral,Home Improvement,38
38,Architectural Services,Peripheral,Home Improvement,39
39,Artificial Turf Installation,Peripheral,Home Improvement,40
40,Asbestos Removal,Peripheral,Home Improvement,41
41,Asphalt Installation,Peripheral,Home Improvement,42
42,Asphalt Repair and Maintenance,Peripheral,Home Improvement,43
43,Basement Finishing or Remodeling,Peripheral,Home Improvement,44
44,Bathroom Remodel,Peripheral,Home Improvement,45
45,Bed Bug Extermination,Peripheral,Home Improvement,46
46,Brick or Stone Repair,Peripheral,Home Improvement,47
47,Cabinet Installation,Peripheral,Home Improvement,48
48,Cabinet Painting,Peripheral,Home Improvement,49
49,Cabinet Refinishing and Repair,Peripheral,Home Improvement,50
50,Cabinetry,Peripheral,Home Improvement,51
51,Carpet Cleaning,Peripheral,Home Improvement,52
52,Carpet Installation,Peripheral,Home Improvement,53
53,Carpet Removal,Peripheral,Home Improvement,54
54,Carpet Repair or Partial Replacement,Peripheral,Home Improvement,55
55,Central Air Conditioning Installation or Replacement,Peripheral,Home Improvement,56
56,Central Air Conditioning Repair or Maintenance,Peripheral,Home Improvement,57
57,Circuit Breaker Panel or Fuse Box Installation,Peripheral,Home Improvement,58
58,Circuit Breaker Panel or Fuse Box Repair,Peripheral,Home Improvement,59
59,Closet Remodel,Peripheral,Home Improvement,60
60,Closet and Shelving System Installation,Peripheral,Home Improvement,61
61,Commercial Carpet Cleaning,Peripheral,Home Improvement,62
62,Commercial Cleaning,Peripheral,Home Improvement,63
63,Concrete Installation,Peripheral,Home Improvement,64
64,Concrete Removal,Peripheral,Home Improvement,65
65,Concrete Repair and Maintenance,Peripheral,Home Improvement,66
66,Construction Services,Peripheral,Home Improvement,67
67,Countertop Installation,Peripheral,Home Improvement,68
68,Countertop Repair or Maintenance,Peripheral,Home Improvement,69
69,Custom Cabinet Building,Peripheral,Home Improvement,70
70,Custom Furniture Building,Peripheral,Home Improvement,71
71,Deck Staining and Sealing,Peripheral,Home Improvement,72
72,Deck or Porch Remodel or Addition,Peripheral,Home Improvement,73
73,Deck or Porch Repair,Peripheral,Home Improvement,74
74,Demolition Services,Peripheral,Home Improvement,75
75,Dishwasher Installation,Peripheral,Home Improvement,76
76,Door Installation,Peripheral,Home Improvement,77
77,Door Repair,Peripheral,Home Improvement,78
78,Drywall Installation and Hanging,Peripheral,Home Improvement,79
79,Drywall Repair and Texturing,Peripheral,Home Improvement,80
80,Duct and Vent Cleaning,Peripheral,Home Improvement,81
81,Duct and Vent Installation or Removal,Peripheral,Home Improvement,82
82,Duct and Vent Repair,Peripheral,Home Improvement,83
83,Dumpster Rental,Peripheral,Home Improvement,84
84,Electrical and Wiring Repair,Peripheral,Home Improvement,85
85,Emergency Plumbing,Peripheral,Home Improvement,86
86,Engraving,Peripheral,Home Improvement,87
87,Epoxy Floor Coating,Peripheral,Home Improvement,88
88,Excavation Services,Peripheral,Home Improvement,89
89,Exterior Painting,Peripheral,Home Improvement,90
90,Fan Installation,Peripheral,Home Improvement,91
91,Faux Finishing or Painting,Peripheral,Home Improvement,92
92,Fence Painting,Peripheral,Home Improvement,93
93,Fence and Gate Installation,Peripheral,Home Improvement,94
94,Fence and Gate Repairs,Peripheral,Home Improvement,95
95,Finish Carpentry,Peripheral,Home Improvement,96
96,Fireplace and Chimney Cleaning or Repair,Peripheral,Home Improvement,97
97,Fireplace and Chimney Installation,Peripheral,Home Improvement,98
98,Fitness Equipment Assembly,Peripheral,Home Improvement,99
99,Floor Cleaning,Peripheral,Home Improvement,100
100,Floor Installation or Replacement,Peripheral,Home Improvement,101
101,Floor Painting or Coating,Peripheral,Home Improvement,102
102,Floor Polishing,Peripheral,Home Improvement,103
103,Floor Repair,Peripheral,Home Improvement,104
104,Foundation Repair,Peripheral,Home Improvement,105
105,Framing Carpentry,Peripheral,Home Improvement,106
106,Full Service Lawn Care,Peripheral,Home Improvement,107
107,Furniture Assembly,Peripheral,Home Improvement,108
108,Furniture Delivery,Peripheral,Home Improvement,109
109,Furniture Moving and Heavy Lifting,Peripheral,Home Improvement,110
110,Furniture Refinishing,Peripheral,Home Improvement,111
111,Furniture Repair,Peripheral,Home Improvement,112
112,Furniture Upholstery,Peripheral,Home Improvement,113
113,Garage Addition or Remodel,Peripheral,Home Improvement,114
114,Garage Door Installation or Replacement,Peripheral,Home Improvement,115
115,Garage Door Repair,Peripheral,Home Improvement,116
116,"Garage, Basement or Attic Cleaning",Peripheral,Home Improvement,117
117,Garbage Disposal Installation,Peripheral,Home Improvement,118
118,Garbage Disposal Repair,Peripheral,Home Improvement,119
119,Gardening,Peripheral,Home Improvement,120
120,Gas Line Installation,Peripheral,Home Improvement,121
121,Gazebo Installation and Construction,Peripheral,Home Improvement,122
122,General Carpentry,Peripheral,Home Improvement,123
123,General Contracting,Peripheral,Home Improvement,124
124,Generator Installation,Peripheral,Home Improvement,125
125,Generator Repair,Peripheral,Home Improvement,126
126,Gutter Cleaning and Maintenance,Peripheral,Home Improvement,127
127,Gutter Installation or Replacement,Peripheral,Home Improvement,128
128,Gutter Repair,Peripheral,Home Improvement,129
129,Handyman,Peripheral,Home Improvement,130
130,Hardwood Floor Refinishing,Peripheral,Home Improvement,131
131,Heating System Installation or Replacement,Peripheral,Home Improvement,132
132,Heating System Repair or Maintenance,Peripheral,Home Improvement,133
133,Holiday Lighting Installation and Removal,Peripheral,Home Improvement,134
134,Home Inspection,Peripheral,Home Improvement,135
135,Home Modification for Accessibility,Peripheral,Home Improvement,136
136,Home Organizing,Peripheral,Home Improvement,137
137,Home Remodeling,Peripheral,Home Improvement,138
138,Home Security System Repair,Peripheral,Home Improvement,139
139,Home Security and Alarms Install,Peripheral,Home Improvement,140
140,Home Staging,Peripheral,Home Improvement,141
141,Home Theater System Installation or Replacement,Peripheral,Home Improvement,142
142,Home Theater System Repair or Service,Peripheral,Home Improvement,143
143,Home Waterproofing,Peripheral,Home Improvement,144
144,Hot Tub Moving,Peripheral,Home Improvement,145
145,Hot Tub and Spa Cleaning and Maintenance,Peripheral,Home Improvement,146
146,Hot Tub and Spa Installation,Peripheral,Home Improvement,147
147,Hot Tub and Spa Repair,Peripheral,Home Improvement,148
148,House Cleaning,Peripheral,Home Improvement,149
149,House Sitting,Peripheral,Home Improvement,150
150,In-Ground Swimming Pool Construction,Peripheral,Home Improvement,151
151,Insulation Installation or Upgrade,Peripheral,Home Improvement,152
152,Interior Design,Peripheral,Home Improvement,153
153,Interior Painting,Peripheral,Home Improvement,154
154,Junk Removal,Peripheral,Home Improvement,155
155,Kitchen Remodel,Peripheral,Home Improvement,156
156,Land Clearing,Peripheral,Home Improvement,157
157,Land Leveling and Grading,Peripheral,Home Improvement,158
158,Land Surveying,Peripheral,Home Improvement,159
159,Lawn Mower Repair,Peripheral,Home Improvement,160
160,Lawn Mowing and Trimming,Peripheral,Home Improvement,161
161,Lighting Installation,Peripheral,Home Improvement,162
162,Local Moving (under 50 miles),Peripheral,Home Improvement,163
163,Lock Installation and Repair,Peripheral,Home Improvement,164
164,Long Distance Moving,Peripheral,Home Improvement,165
165,Masonry Construction Services,Peripheral,Home Improvement,166
166,Metalwork,Peripheral,Home Improvement,167
167,Mold Inspection and Removal,Peripheral,Home Improvement,168
168,Mulching,Peripheral,Home Improvement,169
169,Muralist,Peripheral,Home Improvement,170
170,New Home Construction,Peripheral,Home Improvement,171
171,Odor Removal,Peripheral,Home Improvement,172
172,Office Moving,Peripheral,Home Improvement,173
173,Outdoor Landscaping and Design,Peripheral,Home Improvement,174
174,Outdoor Mosquito Control Services,Peripheral,Home Improvement,175
175,Outdoor Pesticide Application,Peripheral,Home Improvement,176
176,Packing and Unpacking,Peripheral,Home Improvement,177
177,Paint Removal,Peripheral,Home Improvement,178
178,Patio Cover and Awning Services,Peripheral,Home Improvement,179
179,Patio Remodel or Addition,Peripheral,Home Improvement,180
180,Pest Control Services,Peripheral,Home Improvement,181
181,Pest Inspection,Peripheral,Home Improvement,182
182,Piano Moving,Peripheral,Home Improvement,183
183,Picture Hanging and Art Installation,Peripheral,Home Improvement,184
184,Plastering,Peripheral,Home Improvement,185
185,Play Equipment Construction and Assembly,Peripheral,Home Improvement,186
186,Plumbing Drain Repair,Peripheral,Home Improvement,187
187,Plumbing Inspection,Peripheral,Home Improvement,188
188,Plumbing Pipe Installation or Replacement,Peripheral,Home Improvement,189
189,Plumbing Pipe Repair,Peripheral,Home Improvement,190
190,Pool Table Moving,Peripheral,Home Improvement,191
191,Pool Table Repair Services,Peripheral,Home Improvement,192
192,Popcorn Texture Removal,Peripheral,Home Improvement,193
193,Powder Coating,Peripheral,Home Improvement,194
194,Pressure Washing,Peripheral,Home Improvement,195
195,Property Management,Peripheral,Home Improvement,196
196,Radon Mitigation,Peripheral,Home Improvement,197
197,Railing Installation or Remodel,Peripheral,Home Improvement,198
198,Real Estate Agent Services,Peripheral,Home Improvement,199
199,Real Estate Appraisal,Peripheral,Home Improvement,200
200,Rodent and Animal Removal,Peripheral,Home Improvement,201
201,Roof Cleaning,Peripheral,Home Improvement,202
202,Roof Inspection,Peripheral,Home Improvement,203
203,Roof Installation or Replacement,Peripheral,Home Improvement,204
204,Roof Repair or Maintenance,Peripheral,Home Improvement,205
205,Room Remodel,Peripheral,Home Improvement,206
206,Rug Cleaning,Peripheral,Home Improvement,207
207,Satellite Dish Services,Peripheral,Home Improvement,208
208,Screen Installation or Replacement,Peripheral,Home Improvement,209
209,Septic System Installation or Replacement,Peripheral,Home Improvement,210
210,"Septic System Repair, Maintenance or Inspection",Peripheral,Home Improvement,211
211,Shower and Bathtub Installation or Replacement,Peripheral,Home Improvement,212
212,Shower and Bathtub Repair,Peripheral,Home Improvement,213
213,Shrub Trimming and Removal,Peripheral,Home Improvement,214
214,Siding Installation,Peripheral,Home Improvement,215
215,Siding Removal,Peripheral,Home Improvement,216
216,Siding Repair,Peripheral,Home Improvement,217
217,Sink or Faucet Installation or Replacement,Peripheral,Home Improvement,218
218,Sink or Faucet Repair,Peripheral,Home Improvement,219
219,Smart Home Installation or Repair,Peripheral,Home Improvement,220
220,Snow Plowing,Peripheral,Home Improvement,221
221,Sod Installation,Peripheral,Home Improvement,222
222,Solar Panel Cleaning,Peripheral,Home Improvement,223
223,Solar Panel Installation and Repair,Peripheral,Home Improvement,224
224,Sound Proofing,Peripheral,Home Improvement,225
225,Sprinkler and Irrigation System Installation,Peripheral,Home Improvement,226
226,Sprinkler and Irrigation System Repair and Maintenance,Peripheral,Home Improvement,227
227,"Stair Installation, Remodel, or Repair",Peripheral,Home Improvement,228
228,Structural Engineering Services,Peripheral,Home Improvement,229
229,Stucco Application,Peripheral,Home Improvement,230
230,Stucco Repair,Peripheral,Home Improvement,231
231,Sump Pump Installation or Replacement,Peripheral,Home Improvement,232
232,"Swimming Pool Cleaning, Maintenance, and Inspection",Peripheral,Home Improvement,233
233,Swimming Pool Inspection,Peripheral,Home Improvement,234
234,Swimming Pool Removal,Peripheral,Home Improvement,235
235,Swimming Pool Repair,Peripheral,Home Improvement,236
236,Switch and Outlet Installation,Peripheral,Home Improvement,237
237,Switch and Outlet Repair,Peripheral,Home Improvement,238
238,TV Mounting,Peripheral,Home Improvement,239
239,TV Repair Services,Peripheral,Home Improvement,240
240,Termite Control Services,Peripheral,Home Improvement,241
241,Termite Inspection,Peripheral,Home Improvement,242
242,Thermostat Installation or Repair,Peripheral,Home Improvement,243
243,Tile Installation and Replacement,Peripheral,Home Improvement,244
244,Tile Repair,Peripheral,Home Improvement,245
245,Tile and Grout Cleaning,Peripheral,Home Improvement,246
246,Toilet Installation or Replacement,Peripheral,Home Improvement,247
247,Toilet Repair,Peripheral,Home Improvement,248
248,Tree Planting,Peripheral,Home Improvement,249
249,Tree Stump Grinding and Removal,Peripheral,Home Improvement,250
250,Tree Trimming and Removal,Peripheral,Home Improvement,251
251,Trim or Molding Installation,Peripheral,Home Improvement,252
252,Upholstery and Furniture Cleaning,Peripheral,Home Improvement,253
253,Wallpaper Installation or Repair,Peripheral,Home Improvement,254
254,Wallpaper Removal,Peripheral,Home Improvement,255
255,Water Damage Cleanup and Restoration,Peripheral,Home Improvement,256
256,Water Feature Installation,Peripheral,Home Improvement,257
257,Water Feature Repair and Maintenance,Peripheral,Home Improvement,258
258,Water Heater Installation or Replacement,Peripheral,Home Improvement,259
259,Water Heater Repair or Maintenance,Peripheral,Home Improvement,260
260,Water Treatment Repair or Maintenance,Peripheral,Home Improvement,261
261,Water Treatment System Installation or Replacement,Peripheral,Home Improvement,262
262,Weatherization,Peripheral,Home Improvement,263
263,Weeding,Peripheral,Home Improvement,264
264,Well System Work,Peripheral,Home Improvement,265
265,Window Cleaning,Peripheral,Home Improvement,266
266,Window Installation,Peripheral,Home Improvement,267
267,Window Repair,Peripheral,Home Improvement,268
268,Window Tinting,Peripheral,Home Improvement,269
269,Window Treatment Installation or Repair,Peripheral,Home Improvement,270
270,"Window, Wall, or Portable AC Repair or Maintenance",Peripheral,Home Improvement,271
271,Wiring Installation,Peripheral,Home Improvement,272
272,Alternative Healing,Peripheral,Wellness,273
273,Astrology Reading,Peripheral,Wellness,274
274,Facial Treatments,Peripheral,Wellness,275
275,Family Counseling,Peripheral,Wellness,276
276,Health and Wellness Coaching,Peripheral,Wellness,277
277,Hypnotherapy,Peripheral,Wellness,278
278,Life Coaching,Peripheral,Wellness,279
279,Marriage and Relationship Counseling,Peripheral,Wellness,280
280,Massage Therapy,Peripheral,Wellness,281
281,Nutritionist,Peripheral,Wellness,282
282,Palm Reading,Peripheral,Wellness,283
283,Personal Training,Peripheral,Wellness,284
284,Physical Therapy,Peripheral,Wellness,285
285,Private Pilates Instruction,Peripheral,Wellness,286
286,Private Tai Chi Instruction,Peripheral,Wellness,287
287,Private Yoga Instruction,Peripheral,Wellness,288
288,Spiritual Counseling,Peripheral,Wellness,289
289,Tarot Card Reading,Peripheral,Wellness,290
290,Therapy and Counseling,Peripheral,Wellness,291
291,Animal Training and Behavior Modification (Non-canine),Peripheral,Pets,292
292,Aquarium Services,Peripheral,Pets,293
293,Cat Grooming,Peripheral,Pets,294
294,Dog Daycare,Peripheral,Pets,295
295,Dog Fence Installation,Peripheral,Pets,296
296,Dog Grooming,Peripheral,Pets,297
297,Dog Training,Peripheral,Pets,298
298,Dog Walking,Peripheral,Pets,299
299,Pet Boarding,Peripheral,Pets,300
300,Pet Sitting,Peripheral,Pets,301
301,3D Modeling,Peripheral,Business,302
302,Accounting,Peripheral,Business,303
303,Administrative Support,Peripheral,Business,304
304,Animation,Peripheral,Business,305
305,Business Consulting,Peripheral,Business,306
306,Business Tax Preparation,Peripheral,Business,307
307,Computer Repair,Peripheral,Business,308
308,Contracts Attorney,Peripheral,Business,309
309,Corporate Law Attorney,Peripheral,Business,310
310,Court Interpreting,Peripheral,Business,311
311,Criminal Defense Attorney,Peripheral,Business,312
312,DUI Attorney,Peripheral,Business,313
313,Data Recovery Service,Peripheral,Business,314
314,Disability Attorney,Peripheral,Business,315
315,Divorce Attorney,Peripheral,Business,316
316,E-commerce Consulting,Peripheral,Business,317
317,Electronic Machine Repair,Peripheral,Business,318
318,Engineering and Technical Design,Peripheral,Business,319
319,Estate Attorney,Peripheral,Business,320
320,Exercise Equipment Repair,Peripheral,Business,321
321,Family Law Attorney,Peripheral,Business,322
322,Genealogy,Peripheral,Business,323
323,Graphic Design,Peripheral,Business,324
324,Illustrating,Peripheral,Business,325
325,Immigration Attorney,Peripheral,Business,326
326,Individual Tax Preparation,Peripheral,Business,327
327,Intellectual Property Attorney,Peripheral,Business,328
328,International Law Attorney,Peripheral,Business,329
329,Labor and Employment Attorney,Peripheral,Business,330
330,Legal Document Preparation,Peripheral,Business,331
331,Logo Design,Peripheral,Business,332
332,Marketing,Peripheral,Business,333
333,Mediation,Peripheral,Business,334
334,Mobile Design,Peripheral,Business,335
335,Network Support Services,Peripheral,Business,336
336,Notarization,Peripheral,Business,337
337,Payroll Services,Peripheral,Business,338
338,Personal Bankruptcy Attorney,Peripheral,Business,339
339,Personal Financial Planning,Peripheral,Business,340
340,Personal Injury Attorney,Peripheral,Business,341
341,Phone or Tablet Repair,Peripheral,Business,342
342,Presentation Design,Peripheral,Business,343
343,Printer and Copier Repair,Peripheral,Business,344
344,Private Investigation,Peripheral,Business,345
345,Process Serving,Peripheral,Business,346
346,Project Management,Peripheral,Business,347
347,Public Relations,Peripheral,Business,348
348,Real Estate Attorney,Peripheral,Business,349
349,Recruiting,Peripheral,Business,350
350,Resume Writing,Peripheral,Business,351
351,Security and Body Guard Services,Peripheral,Business,352
352,Social Media Marketing,Peripheral,Business,353
353,Software Development,Peripheral,Business,354
354,Statistical Data Analysis,Peripheral,Business,355
355,Tax Attorney,Peripheral,Business,356
356,Telemarketing and Telesales Services,Peripheral,Business,357
357,Traffic Law Attorney,Peripheral,Business,358
358,Translation,Peripheral,Business,359
359,Virus Removal Services,Peripheral,Business,360
360,Web Design,Peripheral,Business,361
361,Web Hosting,Peripheral,Business,362
362,Wills and Estate Planning,Peripheral,Business,363
363,Writing and Editing Services,Peripheral,Business,364
364,AV Equipment Rental for Events,Peripheral,Events,365
365,Aerial Photography,Peripheral,Events,366
366,"Alterations, Tailoring, and Clothing Design",Peripheral,Events,367
367,Animal Show Entertainment,Peripheral,Events,368
368,Audio Recording,Peripheral,Events,369
369,Balloon Decorations,Peripheral,Events,370
370,Balloon Twisting,Peripheral,Events,371
371,Barbecue and Grill Services,Peripheral,Events,372
372,Bartending,Peripheral,Events,373
373,Boudoir Photography,Peripheral,Events,374
374,Bounce House and Party Inflatables Rental,Peripheral,Events,375
375,Bridal Stylist,Peripheral,Events,376
376,Calligraphy,Peripheral,Events,377
377,Candy Buffet Services,Peripheral,Events,378
378,Caricaturing,Peripheral,Events,379
379,Charter Bus Rental,Peripheral,Events,380
380,Circus Entertainment,Peripheral,Events,381
381,Clown Entertainment,Peripheral,Events,382
382,Comedy Entertainment,Peripheral,Events,383
383,Commercial Photography,Peripheral,Events,384
384,Costumed Character Entertainment,Peripheral,Events,385
385,Custom Airbrushing,Peripheral,Events,386
386,DJ,Peripheral,Events,387
387,Dance Entertainment,Peripheral,Events,388
388,Embroidery,Peripheral,Events,389
389,Engagement Photography,Peripheral,Events,390
390,Event Florist,Peripheral,Events,391
391,Event Help and Wait Staff,Peripheral,Events,392
392,Event Planning,Peripheral,Events,393
393,Event Security & Bouncer Services,Peripheral,Events,394
394,Face Painting,Peripheral,Events,395
395,Fishing Trip Guide Services,Peripheral,Events,396
396,Food Truck or Cart Services,Peripheral,Events,397
397,Games and Concession Rental,Peripheral,Events,398
398,Hair Coloring and Highlights,Peripheral,Events,399
399,Headshot Photography,Peripheral,Events,400
400,Henna Tattooing,Peripheral,Events,401
401,Impersonating,Peripheral,Events,402
402,Jewelry Services,Peripheral,Events,403
403,Karaoke Machine Rental,Peripheral,Events,404
404,Limousine and Chauffeur Services,Peripheral,Events,405
405,MC and Host Services,Peripheral,Events,406
406,Magician,Peripheral,Events,407
407,Motivational Speaking,Peripheral,Events,408
408,Music Entertainment,Peripheral,Events,409
409,Nature Photography,Peripheral,Events,410
410,Party Bus Rental,Peripheral,Events,411
411,Party Favors,Peripheral,Events,412
412,Pastry Chef and Cake Making Services,Peripheral,Events,413
413,Personal Chef,Peripheral,Events,414
414,Pet Photography,Peripheral,Events,415
415,Photo Booth Rental,Peripheral,Events,416
416,"Photo Editing, Scanning and Restoration",Peripheral,Events,417
417,Portrait Artistry,Peripheral,Events,418
418,Portrait Photography,Peripheral,Events,419
419,Quilting and Crochet,Peripheral,Events,420
420,Real Estate and Architectural Photography,Peripheral,Events,421
421,Scrapbooking,Peripheral,Events,422
422,Singing Telegram,Peripheral,Events,423
423,Sommelier Services & Lessons,Peripheral,Events,424
424,Songwriting,Peripheral,Events,425
425,Sports Photography,Peripheral,Events,426
426,Tarot and Psychic Reader Entertainment,Peripheral,Events,427
427,Temporary Tattoo Artistry,Peripheral,Events,428
428,Travel Agency Services,Peripheral,Events,429
429,Valet Parking,Peripheral,Events,430
430,Ventriloquist & Puppet Entertainment,Peripheral,Events,431
431,Video Booth Rental,Peripheral,Events,432
432,Video Editing,Peripheral,Events,433
433,Video Production,Peripheral,Events,434
434,Video Streaming and Webcasting Services,Peripheral,Events,435
435,Video Transfer Services,Peripheral,Events,436
436,Wardrobe Consulting,Peripheral,Events,437
437,Wedding Cakes,Peripheral,Events,438
438,Wedding Coordination,Peripheral,Events,439
439,Wedding Dance Lessons,Peripheral,Events,440
440,Wedding Florist,Peripheral,Events,441
441,Wedding Officiant,Peripheral,Events,442
442,Wedding Planning,Peripheral,Events,443
443,Wedding and Event Catering,Peripheral,Events,444
444,Wedding and Event Decorating,Peripheral,Events,445
445,Wedding and Event Hair Styling,Peripheral,Events,446
446,Wedding and Event Invitations,Peripheral,Events,447
447,Wedding and Event Makeup,Peripheral,Events,448
448,Wedding and Event Photography,Peripheral,Events,449
449,Wedding and Event Venue Rental,Peripheral,Events,450
450,Wedding and Event Videography,Peripheral,Events,451
451,Wine Tastings and Tours,Peripheral,Events,452
452,Acting Lessons,Peripheral,Lessons,453
453,Arabic Lessons,Peripheral,Lessons,454
454,Audio Production Lessons,Peripheral,Lessons,455
455,Banjo Lessons,Peripheral,Lessons,456
456,Baseball Lessons,Peripheral,Lessons,457
457,Basketball Lessons,Peripheral,Lessons,458
458,Bass Guitar Lessons,Peripheral,Lessons,459
459,CPR and First Aid Training,Peripheral,Lessons,460
460,Cello Lessons,Peripheral,Lessons,461
461,Chess Lessons,Peripheral,Lessons,462
462,College Admissions Counseling,Peripheral,Lessons,463
463,Computer Lessons,Peripheral,Lessons,464
464,Drawing Lessons,Peripheral,Lessons,465
465,Driving Lessons,Peripheral,Lessons,466
466,Drum Lessons,Peripheral,Lessons,467
467,ESL (English as a Second Language) Lessons,Peripheral,Lessons,468
468,Flute Lessons,Peripheral,Lessons,469
469,French Lessons,Peripheral,Lessons,470
470,German Lessons,Peripheral,Lessons,471
471,Golf Lessons,Peripheral,Lessons,472
472,Graphic Design Instruction,Peripheral,Lessons,473
473,Guitar Lessons,Peripheral,Lessons,474
474,Italian Lessons,Peripheral,Lessons,475
475,Japanese Lessons,Peripheral,Lessons,476
476,Korean Lessons,Peripheral,Lessons,477
477,Makeup Artistry Lessons,Peripheral,Lessons,478
478,Mandarin Lessons,Peripheral,Lessons,479
479,Math Tutoring,Peripheral,Lessons,480
480,Meditation Instruction,Peripheral,Lessons,481
481,Music Theory Lessons,Peripheral,Lessons,482
482,Painting Lessons,Peripheral,Lessons,483
483,Photography Lessons,Peripheral,Lessons,484
484,Piano Lessons,Peripheral,Lessons,485
485,Piano Tuning,Peripheral,Lessons,486
486,Portuguese Lessons,Peripheral,Lessons,487
487,Private Cooking Lessons,Peripheral,Lessons,488
488,Private Dance Lessons,Peripheral,Lessons,489
489,Private Horseback Riding Lessons,Peripheral,Lessons,490
490,Private Self Defense Lessons,Peripheral,Lessons,491
491,Private Swim Lessons,Peripheral,Lessons,492
492,Private Tennis Instruction,Peripheral,Lessons,493
493,Public Speaking Lessons,Peripheral,Lessons,494
494,Reading and Writing Tutoring,Peripheral,Lessons,495
495,Reiki Lessons,Peripheral,Lessons,496
496,Saxophone Lessons,Peripheral,Lessons,497
497,Science Tutoring,Peripheral,Lessons,498
498,Sewing Lessons,Peripheral,Lessons,499
499,Sign Language Lessons,Peripheral,Lessons,500
500,Singing Lessons,Peripheral,Lessons,501
501,Soccer Lessons,Peripheral,Lessons,502
502,Social Sciences Tutoring,Peripheral,Lessons,503
503,Softball Lessons,Peripheral,Lessons,504
504,Spanish Lessons,Peripheral,Lessons,505
505,Test Prep Services,Peripheral,Lessons,506
506,Violin Lessons,Peripheral,Lessons,507
507,Voice Over Lessons,Peripheral,Lessons,508
508,Volleyball Lessons,Peripheral,Lessons,509
509,Custom Airbrushing,Peripheral,Craft,510
510,Embroidery,Peripheral,Craft,511
511,Engraving,Peripheral,Craft,512
512,Illustrating,Peripheral,Craft,513
513,Portrait Artistry,Peripheral,Craft,514
514,Powder Coating,Peripheral,Craft,515
515,Scrapbooking,Peripheral,Craft,516
516,Songwriting,Peripheral,Craft,517
517,Animation,Peripheral,Design and Web,518
518,Engineering and Technical Design,Peripheral,Design and Web,519
519,Graphic Design,Peripheral,Design and Web,520
520,Illustrating,Peripheral,Design and Web,521
521,Logo Design,Peripheral,Design and Web,522
522,Presentation Design,Peripheral,Design and Web,523
523,Software Development,Peripheral,Design and Web,524
524,Contracts Attorney,Peripheral,Legal,525
525,Corporate Law Attorney,Peripheral,Legal,526
526,Court Interpreting,Peripheral,Legal,527
527,Disability Attorney,Peripheral,Legal,528
528,Estate Attorney,Peripheral,Legal,529
529,Immigration Attorney,Peripheral,Legal,530
530,Intellectual Property Attorney,Peripheral,Legal,531
531,International Law Attorney,Peripheral,Legal,532
532,Labor and Employment Attorney,Peripheral,Legal,533
533,Legal Document Preparation,Peripheral,Legal,534
534,Mediation,Peripheral,Legal,535
535,Personal Injury Attorney,Peripheral,Legal,536
536,Process Serving,Peripheral,Legal,537
537,Radon Mitigation,Peripheral,Legal,538
538,Real Estate Attorney,Peripheral,Legal,539
539,Tax Attorney,Peripheral,Legal,540
540,Traffic Law Attorney,Peripheral,Legal,541
541,Wills and Estate Planning,Peripheral,Legal,542
542,Astrology Reading,Peripheral,Personal,543
543,Family Counseling,Peripheral,Personal,544
544,Genealogy,Peripheral,Personal,545
545,House Sitting,Peripheral,Personal,546
546,Life Coaching,Peripheral,Personal,547
547,Mediation,Peripheral,Personal,548
548,Palm Reading,Peripheral,Personal,549
549,Private Investigation,Peripheral,Personal,550
550,Spiritual Counseling,Peripheral,Personal,551
551,Tarot Card Reading,Peripheral,Personal,552
552,Wardrobe Consulting,Peripheral,Personal,553
553,Aerial Photography,Peripheral,Photography,554
554,Boudoir Photography,Peripheral,Photography,555
555,Commercial Photography,Peripheral,Photography,556
556,Engagement Photography,Peripheral,Photography,557
557,Headshot Photography,Peripheral,Photography,558
558,Nature Photography,Peripheral,Photography,559
559,Pet Photography,Peripheral,Photography,560
560,Portrait Photography,Peripheral,Photography,561
561,Sports Photography,Peripheral,Photography,562
562,Video Editing,Peripheral,Photography,563
563,Appliance Installation,Peripheral,Repair and technical support,564
564,Computer Repair,Peripheral,Repair and technical support,565
565,Data Recovery Service,Peripheral,Repair and technical support,566
566,Exercise Equipment Repair,Peripheral,Repair and technical support,567
567,Network Support Services,Peripheral,Repair and technical support,568
568,Phone or Tablet Repair,Peripheral,Repair and technical support,569
569,Pool Table Repair Services,Peripheral,Repair and technical support,570
570,Printer and Copier Repair,Peripheral,Repair and technical support,571
571,Resume Writing,Peripheral,"Writing, translation, and transcription",572
572,Translation,Peripheral,"Writing, translation, and transcription",573
